m_id,a_id
1,30801
1,5554
1,125703
1,280313
2,271531
2,186915
2,157541
2,168990
3,63895
3,157801
3,90597
3,273962
4,21169
4,20820
4,37662
4,197412
5,181627
5,173184
5,145799
5,21039
6,277061
6,288526
6,272545
6,267339
7,267574
7,221651
7,52163
7,259435
8,137443
8,88892
8,194015
8,212159
9,68531
9,96828
9,265098
9,81577
10,147777
10,258714
10,251228
10,133024
11,64217
11,276806
11,280671
11,285174
12,102113
12,120658
12,220091
12,296858
13,84603
13,154859
13,267876
13,76255
14,278187
14,255139
14,72167
14,195147
15,274700
15,8133
15,182580
15,89140
16,53941
16,240345
16,192742
16,238906
17,204544
17,276711
17,275491
17,268366
18,144142
18,7925
18,191806
18,217575
19,147590
19,109379
19,299790
19,78135
20,176522
20,215639
20,288452
20,69796
21,224235
21,221918
21,17343
21,20818
22,137754
22,70191
22,293053
22,237065
23,142791
23,161629
23,54708
23,246881
24,48353
24,152949
24,111138
24,215958
25,170568
25,237990
25,276277
25,265658
26,162084
26,275865
26,277069
26,247250
27,181667
27,222878
27,246788
27,124839
28,84004
28,46490
28,25438
28,188202
29,53349
29,150208
29,260257
29,96146
30,219407
30,229961
30,68176
30,293554
31,202612
31,74375
31,225378
31,270783
32,183981
32,141253
32,259269
32,104046
33,63618
33,227853
33,162809
33,259983
34,151149
34,61067
34,88210
34,212177
35,206099
35,176999
35,194962
35,212474
36,241735
36,242278
36,170363
36,140882
37,215090
37,296755
37,139363
37,11951
38,219562
38,135153
38,252342
38,292677
39,277802
39,146380
39,95833
39,268447
40,145954
40,288435
40,31284
40,152773
41,221270
41,157378
41,177165
41,121578
42,219797
42,35190
42,137061
42,111437
43,197741
43,63672
43,90851
43,232024
44,113165
44,28305
44,178553
44,286261
45,118807
45,92522
45,217990
45,159867
46,76277
46,58179
46,49277
46,172478
47,242328
47,61386
47,156395
47,181980
48,59624
48,258733
48,104144
48,241414
49,160192
49,57746
49,7699
49,247947
50,242564
50,42642
50,115302
50,73500
51,180066
51,120554
51,71706
51,96422
52,159731
52,186891
52,241168
52,173749
53,161747
53,9212
53,230058
53,132840
54,76677
54,286040
54,213399
54,171062
55,253039
55,1249
55,105113
55,230194
56,177069
56,98268
56,235428
56,288779
57,214727
57,195050
57,149682
57,69298
58,141144
58,86312
58,62552
58,32468
59,228020
59,149190
59,103280
59,160650
60,44935
60,34014
60,106726
60,77360
61,22128
61,290941
61,34859
61,51264
62,275379
62,101384
62,104550
62,285165
63,34229
63,193694
63,146163
63,245375
64,98097
64,205062
64,50881
64,214064
65,124517
65,121417
65,287161
65,12
66,37414
66,228224
66,60843
66,106621
67,148315
67,9229
67,73046
67,204848
68,118564
68,274998
68,24330
68,134148
69,174458
69,248805
69,243025
69,288915
70,57583
70,261789
70,96846
70,76654
71,278143
71,95378
71,219436
71,175330
72,169530
72,34335
72,260001
72,116836
73,99238
73,100963
73,286544
73,47224
74,104704
74,193867
74,95071
74,17638
75,231743
75,98987
75,230621
75,189178
76,77463
76,21796
76,19835
76,151760
77,205350
77,165380
77,237776
77,190913
78,218921
78,190784
78,216740
78,275849
79,229944
79,124185
79,32437
79,159864
80,289808
80,113253
80,182274
80,3844
81,50834
81,86506
81,274726
81,214373
82,138430
82,33071
82,204929
82,232916
83,260556
83,208288
83,168164
83,86475
84,80984
84,99777
84,103764
84,180723
85,164319
85,149225
85,271277
85,256106
86,64438
86,262865
86,275169
86,268428
87,230478
87,87410
87,106986
87,12379
88,173807
88,31469
88,270042
88,44209
89,129297
89,135507
89,172180
89,228616
90,71130
90,137494
90,28024
90,285728
91,147825
91,69353
91,284140
91,275642
92,74558
92,206636
92,20788
92,66346
93,174406
93,60654
93,187601
93,280182
94,70834
94,87890
94,177227
94,176367
95,180192
95,37025
95,291519
95,132094
96,203297
96,103697
96,47140
96,67685
97,266523
97,141019
97,206467
97,85654
98,190233
98,20544
98,112711
98,963
99,258001
99,56334
99,276617
99,119624
100,84822
100,196238
100,141074
100,242717
101,194116
101,56829
101,218210
101,202657
102,290159
102,147289
102,263255
102,38582
103,72404
103,248263
103,284936
103,165966
104,259514
104,207401
104,109909
104,63560
105,156255
105,265120
105,152864
105,212320
106,142637
106,164277
106,57085
106,183967
107,267075
107,190199
107,150183
107,254546
108,198133
108,129561
108,20107
108,288059
109,53777
109,132273
109,167247
109,141500
110,3635
110,147690
110,98285
110,84043
111,223075
111,45741
111,18454
111,120161
112,23639
112,247
112,58381
112,94206
113,204407
113,189244
113,212873
113,140816
114,139767
114,240511
114,35964
114,18314
115,49743
115,245159
115,141541
115,2620
116,272575
116,189704
116,240177
116,109968
117,81085
117,220526
117,210907
117,270462
118,107460
118,157209
118,56253
118,75643
119,39746
119,101794
119,250189
119,68426
120,5002
120,268809
120,215511
120,216980
121,35699
121,270689
121,116098
121,285458
122,257413
122,34638
122,136448
122,189399
123,223813
123,47952
123,38778
123,57466
124,184545
124,142969
124,20405
124,145701
125,265239
125,95271
125,202324
125,261261
126,125574
126,62875
126,101549
126,297098
127,25895
127,66410
127,68476
127,34047
128,165851
128,8514
128,113500
128,269828
129,205668
129,294174
129,264815
129,74422
130,214371
130,122436
130,287738
130,263611
131,267430
131,193065
131,26320
131,163128
132,23292
132,194655
132,294627
132,190680
133,202450
133,10277
133,90234
133,267658
134,14001
134,51441
134,204442
134,270531
135,207205
135,273330
135,153963
135,208787
136,289795
136,104812
136,127542
136,249310
137,216692
137,251793
137,175336
137,72727
138,44895
138,251655
138,24640
138,63860
139,236193
139,5228
139,284161
139,230673
140,236653
140,76175
140,155014
140,107340
141,4912
141,162976
141,230396
141,27789
142,117162
142,89041
142,173681
142,4576
143,294776
143,268130
143,72565
143,192729
144,295457
144,36099
144,107946
144,91373
145,181625
145,170719
145,297686
145,138936
146,244392
146,72643
146,2937
146,23534
147,179964
147,93801
147,240367
147,288033
148,131154
148,45083
148,147377
148,11412
149,44624
149,106296
149,124216
149,119750
150,36311
150,208875
150,77975
150,264186
151,67623
151,295210
151,44794
151,240630
152,148708
152,13926
152,100625
152,102243
153,208668
153,101008
153,273626
153,182380
154,158722
154,29474
154,244163
154,139945
155,255806
155,276400
155,84624
155,69036
156,46057
156,116478
156,126569
156,28138
157,191222
157,192990
157,103460
157,282679
158,186780
158,35143
158,261807
158,119521
159,252748
159,259253
159,198195
159,125638
160,25150
160,192299
160,240313
160,29161
161,148098
161,263858
161,16259
161,247767
162,121807
162,161609
162,216517
162,261454
163,106369
163,72929
163,92470
163,27905
164,60863
164,107256
164,158096
164,220488
165,266858
165,170227
165,280829
165,227214
166,3566
166,187046
166,94373
166,202955
167,255089
167,192001
167,58851
167,95110
168,126716
168,285628
168,51731
168,17042
169,277493
169,205388
169,52679
169,177414
170,205830
170,102251
170,84957
170,34901
171,129337
171,159247
171,160651
171,40229
172,198678
172,126454
172,12955
172,157937
173,24712
173,10280
173,259592
173,186691
174,136880
174,240442
174,162952
174,194785
175,126792
175,92637
175,59437
175,17937
176,123401
176,175217
176,586
176,233627
177,124531
177,144064
177,133137
177,271175
178,4941
178,240909
178,283118
178,254356
179,232668
179,220626
179,299763
179,81261
180,67431
180,58003
180,194948
180,73403
181,33162
181,151250
181,275739
181,207121
182,226997
182,31562
182,186824
182,191459
183,1007
183,68362
183,196635
183,62921
184,92967
184,181832
184,117708
184,244124
185,226493
185,122094
185,250385
185,9005
186,261622
186,12656
186,202579
186,84765
187,236803
187,278450
187,81763
187,236495
188,4698
188,60921
188,69932
188,130482
189,68822
189,198750
189,206308
189,256662
190,195468
190,273778
190,26733
190,261414
191,244688
191,166636
191,164036
191,135351
192,193664
192,232679
192,68887
192,78058
193,238432
193,180360
193,54197
193,69728
194,72401
194,39952
194,258385
194,222234
195,40173
195,98916
195,289252
195,46952
196,1303
196,147660
196,32488
196,282431
197,233152
197,104285
197,199034
197,44066
198,133380
198,260438
198,104180
198,178885
199,247042
199,236728
199,130154
199,277381
200,18563
200,144896
200,272836
200,223558
201,163902
201,84244
201,80890
201,117019
202,156994
202,24388
202,277207
202,140999
203,253405
203,123681
203,57141
203,199101
204,96547
204,228802
204,123648
204,271905
205,224762
205,236709
205,9653
205,244666
206,34938
206,236094
206,163858
206,177027
207,108799
207,236627
207,2115
207,285782
208,67517
208,166441
208,151287
208,127553
209,145630
209,141815
209,173613
209,181604
210,39213
210,126909
210,85201
210,142627
211,15014
211,21607
211,195754
211,294898
212,340
212,13019
212,39168
212,195348
213,211736
213,250180
213,248094
213,249752
214,269827
214,131831
214,299409
214,190106
215,79199
215,212839
215,194533
215,118514
216,202071
216,170292
216,218603
216,52012
217,257900
217,218895
217,251235
217,100890
218,212379
218,195806
218,44425
218,220887
219,266099
219,285397
219,136465
219,159309
220,53385
220,59977
220,243842
220,201969
221,15161
221,98520
221,185818
221,289753
222,253059
222,61728
222,44755
222,9906
223,192123
223,273296
223,168398
223,26571
224,142848
224,208671
224,296839
224,167500
225,44021
225,222050
225,85797
225,82620
226,283467
226,280395
226,33152
226,87311
227,59220
227,61122
227,113099
227,263743
228,154460
228,220534
228,62213
228,170850
229,243687
229,157185
229,61131
229,238085
230,278134
230,287454
230,120969
230,94772
231,72903
231,127672
231,261682
231,74974
232,259313
232,215898
232,276314
232,64201
233,225713
233,207871
233,236098
233,152688
234,5709
234,142272
234,227710
234,261413
235,155853
235,190399
235,125425
235,98729
236,78431
236,264510
236,270877
236,12007
237,287704
237,142703
237,60
237,65457
238,107221
238,186563
238,269215
238,94120
239,70843
239,61172
239,234292
239,96141
240,244898
240,118014
240,188414
240,54423
241,143807
241,218775
241,61354
241,278073
242,49083
242,230743
242,144481
242,49285
243,18171
243,211207
243,262268
243,73470
244,245135
244,110604
244,122783
244,68224
245,43695
245,269561
245,85593
245,221311
246,79994
246,237260
246,173779
246,180130
247,44090
247,51331
247,144441
247,254457
248,209791
248,187201
248,66696
248,258669
249,162013
249,11746
249,57354
249,178506
250,279322
250,24275
250,170743
250,101173
251,166295
251,51814
251,163613
251,26797
252,215814
252,15904
252,134242
252,8535
253,27193
253,281856
253,117785
253,11586
254,85197
254,4830
254,119614
254,119555
255,98715
255,164981
255,9976
255,92596
256,284322
256,189751
256,88992
256,30594
257,233370
257,133866
257,89760
257,141028
258,29028
258,251506
258,242564
258,273306
259,158908
259,103230
259,71336
259,243325
260,215111
260,231697
260,40988
260,243453
261,129392
261,70468
261,142300
261,96799
262,155621
262,13581
262,243026
262,116472
263,99480
263,27245
263,179534
263,272471
264,86247
264,11078
264,130113
264,207590
265,210091
265,28426
265,90619
265,30578
266,3369
266,257484
266,225782
266,208257
267,297699
267,112375
267,215439
267,201753
268,181414
268,297792
268,23714
268,269887
269,68191
269,109561
269,240717
269,210349
270,66888
270,185560
270,48221
270,180902
271,96376
271,160851
271,10658
271,85988
272,299398
272,16418
272,119953
272,86982
273,246535
273,42352
273,253125
273,287921
274,285086
274,105376
274,51053
274,26215
275,219757
275,182301
275,140066
275,280736
276,223679
276,269420
276,249900
276,264764
277,23896
277,221931
277,169419
277,264278
278,298303
278,252639
278,247313
278,168883
279,139623
279,183279
279,213214
279,134348
280,103355
280,132271
280,54340
280,203169
281,281868
281,224199
281,244393
281,32771
282,29439
282,180734
282,81411
282,66773
283,69778
283,248074
283,233193
283,200847
284,150197
284,52602
284,133764
284,112685
285,26202
285,87352
285,20644
285,260889
286,264118
286,271886
286,109747
286,246748
287,197395
287,262188
287,257458
287,79186
288,104168
288,80950
288,122758
288,15622
289,87477
289,258432
289,295390
289,83712
290,167143
290,251231
290,112145
290,64596
291,152560
291,125424
291,258795
291,118699
292,23063
292,261950
292,23592
292,116841
293,20594
293,275032
293,95762
293,278547
294,277228
294,187547
294,297322
294,248797
295,5941
295,143427
295,197863
295,224365
296,13996
296,75798
296,76360
296,295454
297,103057
297,58640
297,286410
297,2352
298,61500
298,82014
298,139984
298,297503
299,115754
299,99229
299,1160
299,145451
300,296555
300,84236
300,204004
300,255921
301,25200
301,123116
301,41195
301,104135
302,268837
302,61942
302,69139
302,156471
303,50397
303,81400
303,52637
303,207608
304,102031
304,212975
304,138640
304,219086
305,295685
305,70520
305,84849
305,188176
306,219343
306,117256
306,227345
306,226501
307,259473
307,157381
307,21042
307,292333
308,222256
308,147789
308,241744
308,240258
309,50541
309,212759
309,90903
309,16570
310,113975
310,153013
310,271253
310,165061
311,7411
311,260348
311,153337
311,88830
312,165089
312,266586
312,218769
312,34343
313,257158
313,114519
313,246431
313,284072
314,16674
314,42162
314,140312
314,89435
315,172596
315,92213
315,121740
315,89951
316,34610
316,155777
316,156882
316,42663
317,80
317,97571
317,277264
317,279019
318,149927
318,66812
318,204386
318,139455
319,182050
319,102879
319,75681
319,146787
320,184897
320,166654
320,216944
320,41372
321,180448
321,166778
321,184888
321,86185
322,144158
322,233249
322,165671
322,235789
323,59159
323,87374
323,172644
323,115344
324,49116
324,31209
324,205860
324,99717
325,63394
325,70365
325,89772
325,70777
326,280962
326,69444
326,108590
326,18922
327,232872
327,244077
327,24180
327,70382
328,170000
328,27256
328,229058
328,13280
329,11190
329,241124
329,63870
329,253511
330,265824
330,99551
330,175045
330,63853
331,233293
331,134693
331,204653
331,147622
332,223818
332,23524
332,159236
332,194725
333,189640
333,214933
333,40108
333,220848
334,98972
334,254533
334,250921
334,171262
335,128831
335,264783
335,91024
335,5406
336,142358
336,208034
336,67570
336,46487
337,127211
337,81329
337,25671
337,99756
338,56739
338,283127
338,143121
338,41239
339,117692
339,208444
339,134048
339,79545
340,7216
340,126496
340,182928
340,171369
341,73197
341,222915
341,273939
341,255673
342,231853
342,5136
342,227390
342,73885
343,176016
343,132237
343,129532
343,77446
344,173922
344,234470
344,177663
344,207687
345,49251
345,277244
345,90298
345,104763
346,32397
346,280012
346,157228
346,259072
347,106560
347,171539
347,194531
347,273354
348,67171
348,165277
348,41998
348,145564
349,54101
349,76451
349,292145
349,40868
350,269137
350,28027
350,84398
350,24947
351,296618
351,235676
351,45855
351,213875
352,243946
352,217936
352,156730
352,201838
353,292043
353,225080
353,167798
353,17176
354,178963
354,70264
354,33836
354,117761
355,120548
355,206145
355,128179
355,10523
356,68290
356,189351
356,196821
356,235070
357,165060
357,151708
357,293896
357,181833
358,101218
358,264239
358,20505
358,204808
359,187683
359,289873
359,258344
359,226778
360,291928
360,294927
360,162208
360,26098
361,8703
361,184210
361,126551
361,124339
362,184920
362,9524
362,41115
362,77212
363,66386
363,264293
363,184587
363,14756
364,251349
364,13361
364,143718
364,170597
365,214815
365,186180
365,266061
365,256869
366,110032
366,47198
366,93525
366,45645
367,138588
367,155081
367,192900
367,185442
368,49959
368,275177
368,230822
368,9956
369,143930
369,271958
369,203100
369,29714
370,129444
370,122050
370,145608
370,285028
371,253555
371,171118
371,136508
371,148293
372,223043
372,205118
372,133861
372,106270
373,161851
373,216373
373,35083
373,140405
374,222761
374,249151
374,245309
374,289752
375,69367
375,195164
375,192505
375,287977
376,256893
376,77603
376,9714
376,228395
377,72298
377,175303
377,201036
377,154985
378,103042
378,197870
378,123703
378,117357
379,202828
379,71109
379,256245
379,28463
380,284840
380,280460
380,182171
380,21293
381,144970
381,167383
381,62211
381,76804
382,138668
382,149621
382,127875
382,141444
383,192723
383,176278
383,52266
383,79076
384,193884
384,296609
384,45274
384,184225
385,267725
385,255477
385,197569
385,7326
386,222275
386,112442
386,107668
386,207472
387,52185
387,52215
387,48984
387,142547
388,232087
388,16963
388,266288
388,282964
389,136715
389,37197
389,66617
389,279181
390,267837
390,19953
390,269450
390,282556
391,198650
391,193625
391,119725
391,84938
392,266468
392,131398
392,298348
392,143833
393,187552
393,128466
393,274308
393,19900
394,237888
394,132584
394,296350
394,214868
395,2606
395,204563
395,176067
395,126952
396,20646
396,195714
396,109824
396,221280
397,141600
397,173311
397,60372
397,281772
398,23397
398,78568
398,124350
398,233603
399,250040
399,253500
399,28546
399,104357
400,95525
400,217960
400,253296
400,65571
401,152428
401,99186
401,251041
401,67295
402,299143
402,200285
402,97375
402,121987
403,15755
403,276978
403,64991
403,44505
404,228019
404,77949
404,93747
404,4310
405,36894
405,247732
405,217105
405,87109
406,89037
406,202921
406,205271
406,124409
407,93
407,101188
407,79956
407,188058
408,109221
408,210133
408,265766
408,31593
409,149982
409,105120
409,6992
409,282974
410,27533
410,47366
410,243458
410,55205
411,90354
411,117627
411,271951
411,227413
412,188910
412,292149
412,292017
412,158948
413,75916
413,127267
413,162984
413,31403
414,290607
414,113747
414,83414
414,207750
415,215611
415,53643
415,264242
415,248526
416,73641
416,123068
416,163519
416,165487
417,169753
417,120120
417,91707
417,254902
418,208769
418,57072
418,90489
418,16081
419,108832
419,150388
419,224518
419,71591
420,278980
420,63124
420,229342
420,177042
421,171866
421,27997
421,46405
421,238039
422,208380
422,207118
422,44983
422,87519
423,207309
423,279556
423,111465
423,22764
424,137682
424,74987
424,82314
424,70045
425,85560
425,280310
425,221534
425,130221
426,27393
426,188007
426,167255
426,143307
427,21312
427,121721
427,261289
427,135545
428,6713
428,172655
428,299536
428,208694
429,136857
429,107525
429,1565
429,240811
430,235942
430,239205
430,17269
430,21192
431,146404
431,245839
431,50753
431,127033
432,132820
432,17584
432,59669
432,192880
433,120279
433,278951
433,100079
433,81056
434,115116
434,284036
434,210182
434,193738
435,256973
435,79247
435,117311
435,233837
436,39276
436,281759
436,45713
436,299512
437,227624
437,195566
437,6442
437,164239
438,267596
438,87716
438,49151
438,129712
439,16475
439,122329
439,248182
439,200815
440,139495
440,105138
440,21235
440,48678
441,187420
441,233798
441,206674
441,39329
442,208082
442,107975
442,2871
442,267826
443,141760
443,163869
443,247770
443,252910
444,52955
444,276502
444,8421
444,263900
445,200462
445,119490
445,41890
445,289624
446,66434
446,5779
446,62476
446,74355
447,210053
447,276137
447,105363
447,205382
448,32595
448,137227
448,225565
448,128857
449,107478
449,295463
449,218138
449,19124
450,264606
450,147889
450,13732
450,212397
451,243703
451,210401
451,8523
451,113483
452,141780
452,187072
452,145703
452,12828
453,65212
453,133048
453,130716
453,203699
454,216935
454,101153
454,279500
454,114109
455,80019
455,258153
455,182275
455,244518
456,54105
456,64062
456,18805
456,27439
457,160620
457,42338
457,216714
457,261602
458,204756
458,27355
458,279863
458,119553
459,178415
459,103246
459,79989
459,186154
460,161587
460,63260
460,187389
460,82631
461,66891
461,180773
461,20928
461,284883
462,291927
462,284212
462,177610
462,280218
463,131597
463,27600
463,80062
463,227068
464,258230
464,48018
464,159141
464,194305
465,183700
465,185910
465,196396
465,81195
466,48062
466,296597
466,79542
466,184715
467,101173
467,207873
467,33628
467,55559
468,128144
468,110165
468,32178
468,53601
469,9518
469,128469
469,5968
469,219395
470,30048
470,137966
470,254631
470,493
471,128102
471,170230
471,216993
471,238754
472,30544
472,196057
472,119337
472,258069
473,55338
473,77629
473,185462
473,182196
474,207663
474,227760
474,190440
474,72641
475,61510
475,136010
475,264927
475,282705
476,167321
476,71576
476,262840
476,125050
477,141862
477,107276
477,101519
477,43795
478,215085
478,7800
478,267514
478,4415
479,178777
479,243324
479,71533
479,192800
480,204146
480,46214
480,168780
480,218069
481,24752
481,244068
481,130971
481,74490
482,286475
482,285614
482,12593
482,259859
483,192311
483,292309
483,152663
483,208899
484,190562
484,107626
484,147688
484,133271
485,78429
485,137903
485,226791
485,1252
486,193352
486,224924
486,173568
486,159674
487,224349
487,217577
487,212064
487,38775
488,181721
488,173589
488,101721
488,135835
489,237224
489,206413
489,272135
489,19376
490,48638
490,61801
490,25654
490,126634
491,139149
491,148551
491,233216
491,168608
492,113748
492,11557
492,72049
492,28153
493,102718
493,283705
493,151406
493,284375
494,226847
494,296643
494,167907
494,9397
495,31228
495,277263
495,77707
495,125796
496,206354
496,296798
496,266900
496,135652
497,30157
497,229174
497,178223
497,291834
498,140768
498,86042
498,87192
498,210286
499,270012
499,295299
499,16521
499,5320
500,18775
500,275079
500,32146
500,38860
501,271020
501,279607
501,5812
501,130908
502,128371
502,235175
502,245421
502,48604
503,115594
503,17847
503,177473
503,120619
504,129598
504,249452
504,72532
504,274229
505,102884
505,124521
505,251191
505,69399
506,268706
506,88907
506,154025
506,252956
507,20131
507,197423
507,202433
507,203744
508,157604
508,114278
508,265592
508,208178
509,171205
509,83580
509,27297
509,216486
510,91850
510,5620
510,74222
510,117588
511,92307
511,146548
511,193304
511,95925
512,91531
512,83302
512,15329
512,229767
513,68282
513,149277
513,24788
513,179913
514,68694
514,226063
514,284082
514,110507
515,139914
515,167911
515,157116
515,47849
516,152648
516,253506
516,134338
516,226038
517,37282
517,232177
517,121357
517,150263
518,143104
518,223756
518,219911
518,34124
519,292076
519,177111
519,55912
519,54726
520,79096
520,233041
520,259572
520,274122
521,240052
521,132334
521,254660
521,77533
522,103611
522,148154
522,137320
522,96716
523,145420
523,273427
523,81683
523,274464
524,59292
524,173810
524,67028
524,219527
525,261338
525,139376
525,129
525,105708
526,169335
526,55817
526,187126
526,48863
527,74029
527,93053
527,132855
527,246261
528,265971
528,151003
528,82641
528,1471
529,143130
529,27145
529,219677
529,110459
530,46543
530,128020
530,180878
530,129367
531,138812
531,16682
531,43189
531,237381
532,259246
532,268964
532,174349
532,196391
533,270206
533,257429
533,9675
533,155164
534,146031
534,43271
534,174784
534,82452
535,172671
535,210860
535,76380
535,160455
536,190922
536,107924
536,8877
536,120074
537,189531
537,83179
537,137147
537,51813
538,284475
538,67322
538,151524
538,267171
539,131908
539,154626
539,219564
539,222472
540,190871
540,177615
540,160380
540,213774
541,217260
541,85667
541,144209
541,262217
542,242338
542,101647
542,296269
542,24798
543,177968
543,137945
543,91968
543,204414
544,50247
544,190995
544,19328
544,98515
545,201591
545,61365
545,202939
545,159603
546,68990
546,46399
546,106303
546,14947
547,294362
547,37305
547,236665
547,142808
548,41758
548,287084
548,82686
548,21222
549,248744
549,4256
549,30459
549,162729
550,225952
550,216500
550,96472
550,80233
551,72421
551,145318
551,232092
551,272337
552,77452
552,78602
552,132662
552,225813
553,78839
553,200865
553,970
553,147495
554,186033
554,141567
554,291338
554,111658
555,204868
555,197648
555,37459
555,267953
556,188823
556,62087
556,194893
556,20260
557,151895
557,170232
557,40681
557,82272
558,126315
558,299785
558,125357
558,74938
559,146802
559,260851
559,286147
559,112365
560,90429
560,246796
560,216822
560,156010
561,298489
561,294410
561,30552
561,143518
562,130379
562,3262
562,46814
562,225418
563,276580
563,237540
563,263515
563,19585
564,275026
564,66439
564,123685
564,38132
565,78595
565,215809
565,106243
565,267866
566,20471
566,181821
566,110078
566,32549
567,4069
567,109154
567,64726
567,13166
568,154072
568,273934
568,162412
568,105006
569,92515
569,117110
569,67294
569,93229
570,162310
570,210388
570,195652
570,61953
571,138381
571,34411
571,20577
571,258828
572,109750
572,115163
572,85620
572,194778
573,208360
573,286435
573,281781
573,139382
574,16435
574,264163
574,78956
574,231316
575,80263
575,214815
575,202801
575,218960
576,36449
576,269566
576,190700
576,23052
577,73559
577,186016
577,207845
577,63452
578,63517
578,106508
578,78884
578,160923
579,193853
579,218499
579,97142
579,247464
580,147295
580,117255
580,95554
580,292002
581,241127
581,207187
581,156371
581,133732
582,147262
582,54675
582,245661
582,64135
583,6174
583,90627
583,87899
583,36505
584,179857
584,168499
584,45195
584,252891
585,8538
585,218346
585,206849
585,167285
586,136245
586,28120
586,208273
586,65105
587,89967
587,222792
587,69148
587,196403
588,170785
588,195201
588,183184
588,202463
589,168867
589,106097
589,221601
589,157754
590,288186
590,207086
590,139560
590,252929
591,182346
591,95126
591,264347
591,1936
592,111960
592,105762
592,233624
592,33828
593,223209
593,75937
593,89755
593,249915
594,38964
594,261293
594,57004
594,227988
595,56318
595,28969
595,138705
595,199188
596,42614
596,58133
596,242008
596,51643
597,157024
597,158053
597,84956
597,261952
598,242831
598,113659
598,28443
598,16385
599,133549
599,80319
599,274589
599,25214
600,131834
600,232754
600,200531
600,250722
601,161521
601,179500
601,96595
601,191401
602,291274
602,146506
602,133482
602,22224
603,275884
603,233964
603,63182
603,237118
604,13586
604,162197
604,193686
604,219480
605,95663
605,26037
605,147499
605,9551
606,54335
606,128248
606,65096
606,224279
607,138204
607,177222
607,298980
607,46060
608,199537
608,266966
608,175115
608,238234
609,277575
609,166612
609,141931
609,219489
610,298365
610,1630
610,186468
610,233651
611,97621
611,5517
611,171150
611,47687
612,283798
612,68962
612,199386
612,4701
613,91484
613,153023
613,260531
613,39837
614,253980
614,101499
614,281320
614,86534
615,280767
615,135077
615,42609
615,168007
616,220341
616,176365
616,45282
616,112739
617,7333
617,280337
617,197017
617,261947
618,217312
618,227338
618,175185
618,64792
619,195941
619,195987
619,215758
619,67871
620,67117
620,136299
620,33233
620,248072
621,65199
621,162549
621,262697
621,28680
622,8177
622,45566
622,52544
622,273409
623,217824
623,43142
623,38098
623,232432
624,92775
624,190382
624,83041
624,129935
625,255637
625,209255
625,209291
625,231531
626,225904
626,250905
626,256623
626,45144
627,183948
627,19534
627,78915
627,205002
628,87440
628,40573
628,106168
628,228927
629,183402
629,103881
629,220677
629,280549
630,30975
630,196326
630,61324
630,110382
631,97938
631,77331
631,226359
631,231418
632,3956
632,63588
632,100061
632,251306
633,124764
633,20755
633,175798
633,108719
634,294477
634,91399
634,18230
634,264001
635,175993
635,280860
635,80471
635,215821
636,83849
636,129173
636,175121
636,114333
637,227461
637,183302
637,141778
637,66460
638,207302
638,49348
638,32190
638,66350
639,289462
639,183164
639,104456
639,155076
640,131099
640,206353
640,32451
640,211724
641,170886
641,4880
641,283752
641,45121
642,178617
642,127910
642,119990
642,209666
643,142261
643,183003
643,174503
643,43009
644,103206
644,108356
644,237454
644,30947
645,288798
645,57922
645,113282
645,167460
646,260808
646,19240
646,45151
646,259390
647,124676
647,81229
647,44502
647,44767
648,49998
648,22178
648,84096
648,236255
649,213065
649,287027
649,33941
649,225429
650,127863
650,196920
650,2398
650,38766
651,230790
651,165106
651,48438
651,283866
652,194041
652,135630
652,51664
652,55613
653,178454
653,264945
653,157095
653,44375
654,258590
654,69628
654,80618
654,276255
655,165187
655,122051
655,191821
655,8388
656,173491
656,141979
656,87434
656,79132
657,132386
657,40554
657,139271
657,35749
658,88469
658,151698
658,121451
658,2559
659,241164
659,191075
659,156235
659,35599
660,294311
660,107646
660,296329
660,221134
661,171386
661,146504
661,264170
661,129422
662,267640
662,81255
662,148927
662,5027
663,59090
663,292231
663,288352
663,193227
664,64324
664,84800
664,83556
664,223838
665,291160
665,8014
665,280199
665,240818
666,59774
666,48742
666,148924
666,56680
667,188739
667,60764
667,43205
667,186387
668,132294
668,153117
668,246461
668,123051
669,179734
669,234964
669,213405
669,130134
670,166590
670,287498
670,119255
670,16151
671,93145
671,99699
671,242181
671,208305
672,23975
672,21954
672,118467
672,246200
673,77605
673,41446
673,210814
673,281514
674,33598
674,288785
674,66252
674,170869
675,7089
675,131541
675,137740
675,19462
676,61756
676,298116
676,298548
676,191418
677,59796
677,9601
677,15103
677,184459
678,5242
678,170571
678,99385
678,120955
679,72003
679,115960
679,143005
679,227935
680,96565
680,94980
680,55498
680,246919
681,89947
681,215603
681,10263
681,205361
682,172602
682,32970
682,11477
682,277313
683,137514
683,109918
683,29886
683,222622
684,72138
684,166732
684,75941
684,55031
685,180502
685,187118
685,270366
685,220464
686,150807
686,252935
686,88677
686,221111
687,281621
687,244896
687,184954
687,108861
688,141181
688,196594
688,154279
688,243552
689,167971
689,52532
689,252105
689,78019
690,229660
690,198227
690,146190
690,106167
691,259053
691,276851
691,234867
691,158586
692,194734
692,98126
692,197999
692,237806
693,141915
693,148592
693,35384
693,90276
694,71648
694,250268
694,71520
694,136539
695,294424
695,116534
695,264010
695,275326
696,85718
696,192500
696,219328
696,45564
697,149747
697,40961
697,2805
697,106875
698,101238
698,173564
698,95754
698,180629
699,137442
699,155416
699,29692
699,74814
700,163527
700,14171
700,185876
700,100463
701,56776
701,47252
701,165229
701,109787
702,84168
702,224207
702,37017
702,296234
703,30925
703,156132
703,45148
703,260373
704,47787
704,67314
704,52376
704,198827
705,176552
705,236678
705,190656
705,22573
706,32728
706,178888
706,186932
706,263630
707,131477
707,207920
707,16237
707,262873
708,266008
708,73611
708,93397
708,277397
709,83667
709,57087
709,148191
709,66963
710,151625
710,243307
710,104336
710,111652
711,124072
711,239631
711,63594
711,104907
712,86817
712,263799
712,108243
712,144834
713,197723
713,160399
713,110625
713,68929
714,248365
714,182309
714,112812
714,283346
715,4146
715,80051
715,294567
715,127259
716,37392
716,157902
716,241633
716,138723
717,43153
717,148060
717,110208
717,194758
718,92763
718,255141
718,101590
718,267658
719,117569
719,233710
719,196698
719,258395
720,180886
720,212981
720,188253
720,173916
721,116766
721,62915
721,60862
721,222644
722,141035
722,206229
722,189820
722,258967
723,42334
723,289781
723,145404
723,94947
724,101916
724,104759
724,111666
724,92936
725,259527
725,45860
725,249677
725,256559
726,83105
726,51155
726,243116
726,53323
727,219190
727,147773
727,114756
727,274880
728,279978
728,70433
728,230366
728,65071
729,223316
729,226225
729,268857
729,132688
730,252521
730,46956
730,76586
730,271731
731,85767
731,247484
731,271465
731,175691
732,159832
732,31985
732,198723
732,257864
733,56113
733,237001
733,298279
733,105496
734,195693
734,61460
734,23156
734,44356
735,19892
735,69299
735,153352
735,3254
736,183721
736,93474
736,236138
736,122739
737,21272
737,90693
737,123902
737,251814
738,176087
738,23315
738,140208
738,177713
739,195435
739,111127
739,138433
739,117432
740,251911
740,190324
740,32593
740,18961
741,176749
741,193924
741,109153
741,129635
742,148055
742,84488
742,212794
742,25091
743,261948
743,7298
743,98899
743,252716
744,242644
744,256355
744,209270
744,156149
745,80349
745,72057
745,207043
745,254956
746,259049
746,85386
746,105578
746,237885
747,45100
747,96234
747,249518
747,210577
748,162790
748,219010
748,33501
748,169200
749,224174
749,24050
749,112641
749,233811
750,13471
750,33145
750,272879
750,8044
751,263964
751,175233
751,292717
751,268210
752,145993
752,257600
752,108732
752,238558
753,98783
753,186526
753,81440
753,110144
754,252453
754,131208
754,26406
754,174713
755,153034
755,259762
755,258020
755,276401
756,135578
756,80458
756,169881
756,198646
757,174174
757,219410
757,286063
757,188836
758,246181
758,145898
758,178950
758,178249
759,271760
759,49747
759,12747
759,83801
760,197903
760,63714
760,223549
760,223230
761,258621
761,80283
761,255683
761,273994
762,240754
762,210180
762,254681
762,116268
763,598
763,280783
763,40385
763,36990
764,106756
764,285757
764,17251
764,287523
765,174417
765,269425
765,41879
765,43850
766,61355
766,382
766,42500
766,106483
767,13486
767,165009
767,40176
767,281467
768,29898
768,145434
768,285739
768,55934
769,162559
769,22026
769,105851
769,110053
770,234582
770,199245
770,217119
770,273839
771,280911
771,220731
771,223342
771,223428
772,196401
772,112510
772,164026
772,192660
773,186968
773,274160
773,141027
773,271848
774,236078
774,229668
774,7564
774,64200
775,287053
775,192288
775,15877
775,217128
776,42504
776,21327
776,251484
776,70409
777,59033
777,46090
777,60029
777,186336
778,118478
778,130699
778,232586
778,79309
779,228776
779,279994
779,210151
779,275013
780,146047
780,22294
780,128713
780,197775
781,151925
781,105266
781,221806
781,193258
782,256165
782,136669
782,246820
782,159490
783,106326
783,15454
783,157205
783,33263
784,114460
784,74279
784,217934
784,51889
785,184046
785,260952
785,158177
785,276744
786,169709
786,272001
786,168346
786,272624
787,107061
787,41574
787,182485
787,136899
788,273098
788,3844
788,57549
788,88039
789,221325
789,103024
789,277211
789,88212
790,186476
790,20310
790,259855
790,181284
791,266923
791,263053
791,156230
791,34609
792,9469
792,181110
792,73595
792,266066
793,132343
793,292197
793,177904
793,213361
794,212610
794,8463
794,286648
794,121247
795,273719
795,160809
795,2268
795,22361
796,181110
796,223967
796,30547
796,174737
797,126309
797,149677
797,48036
797,4632
798,280719
798,289273
798,253472
798,6182
799,167793
799,36571
799,249612
799,97362
800,50046
800,222347
800,154710
800,134517
801,116559
801,17600
801,44172
801,276022
802,3409
802,249653
802,212612
802,202664
803,115830
803,160750
803,180620
803,283912
804,144869
804,150543
804,94189
804,193216
805,108352
805,218196
805,206608
805,57763
806,6508
806,276546
806,169073
806,270014
807,245766
807,190309
807,10500
807,284350
808,151699
808,89667
808,284743
808,66112
809,147225
809,161176
809,176883
809,229644
810,279995
810,11422
810,57440
810,167433
811,234688
811,264
811,270014
811,78006
812,81711
812,253141
812,33461
812,227098
813,94026
813,68207
813,296319
813,216708
814,292648
814,235812
814,150523
814,107109
815,154827
815,67823
815,63323
815,71821
816,172308
816,19875
816,152910
816,233568
817,95833
817,190137
817,22343
817,13309
818,80937
818,3620
818,22350
818,111941
819,183298
819,152180
819,287837
819,243382
820,113125
820,172712
820,184399
820,115611
821,244090
821,58536
821,57954
821,34414
822,266213
822,58866
822,295109
822,94739
823,157497
823,119738
823,58842
823,259142
824,122288
824,165913
824,59636
824,17548
825,191728
825,216726
825,59483
825,44318
826,181869
826,69154
826,249973
826,10651
827,130533
827,39855
827,258146
827,219798
828,88291
828,55506
828,172733
828,4080
829,90378
829,271023
829,25059
829,112883
830,212107
830,16961
830,87839
830,130645
831,76004
831,264634
831,154836
831,56020
832,33995
832,177012
832,108447
832,175057
833,278127
833,68945
833,17676
833,128587
834,204809
834,38416
834,177278
834,43680
835,262599
835,9990
835,237107
835,14587
836,248899
836,275728
836,160629
836,286766
837,234003
837,32883
837,218982
837,74709
838,41839
838,240124
838,276507
838,196553
839,140952
839,271214
839,139538
839,223899
840,31321
840,242469
840,94788
840,42570
841,107053
841,208986
841,140875
841,73053
842,93251
842,232632
842,117016
842,71983
843,233781
843,57355
843,289374
843,89735
844,236925
844,263194
844,234715
844,121363
845,288148
845,242689
845,139660
845,86384
846,61830
846,81162
846,191185
846,38316
847,191901
847,160786
847,103753
847,227350
848,154207
848,260444
848,81488
848,155897
849,253789
849,96674
849,61188
849,23626
850,133299
850,50322
850,37424
850,71180
851,179136
851,44879
851,258403
851,62110
852,33622
852,188350
852,142049
852,41164
853,51953
853,233517
853,214994
853,90394
854,239402
854,80064
854,299299
854,274887
855,241676
855,189766
855,239785
855,158127
856,163331
856,291569
856,254681
856,67055
857,158037
857,40328
857,271790
857,274942
858,50663
858,169238
858,187785
858,77231
859,90373
859,155798
859,137270
859,107418
860,39752
860,133065
860,85273
860,54366
861,169935
861,261287
861,145460
861,282201
862,279127
862,23202
862,231125
862,44272
863,67951
863,26702
863,181493
863,24662
864,232134
864,69699
864,247035
864,102063
865,211119
865,114445
865,83527
865,86362
866,113893
866,41302
866,211001
866,4808
867,164936
867,294829
867,76008
867,250628
868,183876
868,108814
868,189791
868,74967
869,295493
869,187924
869,211854
869,153483
870,223887
870,212107
870,236085
870,237825
871,70432
871,15001
871,291047
871,234096
872,148613
872,82340
872,154594
872,133183
873,289978
873,154532
873,63724
873,143147
874,137950
874,153474
874,277477
874,216618
875,187038
875,229659
875,299654
875,272553
876,16482
876,283375
876,145082
876,188728
877,248059
877,24460
877,35203
877,299506
878,67358
878,250019
878,244286
878,99264
879,143088
879,47846
879,118253
879,97616
880,181197
880,17243
880,240987
880,31545
881,292682
881,222541
881,220800
881,208739
882,281278
882,178573
882,299380
882,157050
883,106736
883,51797
883,213498
883,179245
884,210545
884,210921
884,152470
884,188813
885,36126
885,82658
885,249551
885,100992
886,168892
886,218263
886,113405
886,191796
887,31591
887,208417
887,166388
887,270447
888,31453
888,141424
888,206505
888,86508
889,23625
889,146645
889,294817
889,108487
890,150079
890,13136
890,158004
890,50404
891,78948
891,231973
891,241420
891,258548
892,117935
892,280223
892,11955
892,1392
893,34929
893,86876
893,219030
893,38860
894,246647
894,33062
894,194288
894,148455
895,226580
895,235390
895,165974
895,166248
896,241453
896,295316
896,232349
896,3116
897,292249
897,241892
897,182613
897,159206
898,226185
898,143180
898,264433
898,196067
899,116047
899,76958
899,179925
899,232817
900,73527
900,251353
900,71377
900,116404
901,3577
901,1053
901,190216
901,153075
902,200944
902,175592
902,224704
902,229399
903,164302
903,253428
903,13946
903,50257
904,272417
904,76918
904,71890
904,81718
905,205415
905,190814
905,216828
905,240972
906,182985
906,139960
906,233953
906,175711
907,140812
907,190730
907,46797
907,75096
908,119975
908,269020
908,115809
908,72093
909,191786
909,247014
909,122767
909,105596
910,218758
910,154782
910,258988
910,63872
911,34256
911,152845
911,99944
911,281634
912,49631
912,262406
912,137789
912,216662
913,6981
913,220335
913,121879
913,45060
914,105592
914,254350
914,272086
914,285047
915,6788
915,268475
915,59480
915,279255
916,179089
916,222546
916,103317
916,34927
917,97796
917,156665
917,247298
917,9779
918,194845
918,165642
918,159259
918,223623
919,219327
919,198935
919,223123
919,130410
920,168516
920,20395
920,74062
920,54324
921,293011
921,132479
921,200334
921,199123
922,52052
922,154729
922,6389
922,232609
923,198013
923,258417
923,12313
923,127183
924,262668
924,17525
924,22459
924,240757
925,269699
925,152983
925,187424
925,45339
926,30626
926,54678
926,93220
926,215079
927,28277
927,297236
927,102549
927,238395
928,232497
928,249902
928,118851
928,151864
929,208447
929,194436
929,49179
929,161092
930,120367
930,243552
930,233114
930,89827
931,53180
931,61483
931,231539
931,91998
932,104771
932,12415
932,17101
932,97546
933,136224
933,238981
933,201403
933,275604
934,138875
934,188514
934,257800
934,178754
935,25023
935,39698
935,56915
935,149549
936,145529
936,169549
936,95205
936,30713
937,15660
937,286928
937,134265
937,216009
938,281692
938,62598
938,160244
938,42189
939,70537
939,160831
939,200903
939,285759
940,114271
940,174511
940,65906
940,203175
941,21117
941,54567
941,136190
941,225837
942,186727
942,120171
942,77733
942,251939
943,168927
943,250271
943,154730
943,106546
944,259677
944,82573
944,100581
944,278391
945,247516
945,108181
945,245541
945,74951
946,299651
946,37321
946,160428
946,53769
947,265650
947,155542
947,261687
947,270099
948,41300
948,254162
948,238107
948,219037
949,143627
949,88161
949,148509
949,68464
950,279924
950,261419
950,248818
950,119744
951,283574
951,43251
951,243814
951,293155
952,86452
952,265424
952,104180
952,216463
953,187337
953,251104
953,292715
953,183821
954,168737
954,100169
954,109331
954,1121
955,125557
955,204384
955,224290
955,45588
956,84076
956,128531
956,33419
956,239921
957,204281
957,64987
957,240907
957,88702
958,135644
958,225444
958,7689
958,237792
959,102989
959,127721
959,296679
959,73866
960,176729
960,116622
960,255921
960,281455
961,163273
961,128154
961,205179
961,74031
962,117493
962,31958
962,274859
962,17763
963,45756
963,52048
963,167157
963,134132
964,143600
964,52873
964,154066
964,238546
965,271969
965,55581
965,95536
965,288235
966,225784
966,106507
966,6787
966,24399
967,93904
967,171040
967,189831
967,242018
968,292448
968,110152
968,216273
968,165713
969,235842
969,105121
969,220237
969,178445
970,285493
970,249328
970,258802
970,224249
971,71491
971,186332
971,235065
971,223881
972,171636
972,257898
972,12525
972,102186
973,34431
973,169810
973,215281
973,113803
974,291191
974,91998
974,25472
974,6126
975,219544
975,165398
975,14650
975,29225
976,224775
976,292332
976,76161
976,25715
977,57154
977,201547
977,192161
977,153086
978,12357
978,287419
978,180729
978,169939
979,286517
979,298720
979,212929
979,242846
980,55953
980,218606
980,133743
980,72160
981,184282
981,42959
981,177563
981,74978
982,295793
982,79820
982,232168
982,268642
983,29356
983,74086
983,213246
983,264026
984,260146
984,199358
984,33958
984,126210
985,145466
985,52258
985,249673
985,199730
986,133745
986,134826
986,4662
986,262458
987,107915
987,106849
987,146121
987,255437
988,752
988,202543
988,100246
988,87410
989,80774
989,47024
989,215532
989,42918
990,160783
990,16072
990,168245
990,14468
991,83099
991,11285
991,20578
991,209351
992,58780
992,148118
992,52870
992,287885
993,21658
993,251023
993,217424
993,20755
994,42495
994,198555
994,245190
994,229976
995,224175
995,37878
995,70433
995,240439
996,188475
996,249253
996,103975
996,255761
997,44101
997,131134
997,19602
997,28431
998,157361
998,220093
998,21651
998,271895
999,185332
999,257416
999,68772
999,19922
1000,156729
1000,227850
1000,97057
1000,159453
